{
    "sum": -6748.063000000001,
    "min": -20.514,
    "max": 0.0,
    "avg": -3.3740315000000005
}